{"cameraMode":{"drawMode":0,"name":"Shaded","section":"Shading Mode"},"sceneLighting":true,"audioPlay":false,"sceneViewState":{"showFog":true,"showMaterialUpdate":false,"showSkybox":true,"showFlares":true,"showImageEffects":true,"showParticleSystems":true},"in2DMode":false,"pivot":{"x":6.023734092712402,"y":71.06660461425781,"z":-36.66444778442383},"rotation":{"x":-0.15603309869766236,"y":-0.015313907526433468,"z":-0.0024193068966269495,"w":0.9876301884651184},"size":11.066271781921387,"orthographic":false}