{"cameraMode":{"drawMode":0,"name":"Shaded","section":"Shading Mode"},"sceneLighting":true,"audioPlay":false,"sceneViewState":{"showFog":true,"showMaterialUpdate":false,"showSkybox":true,"showFlares":true,"showImageEffects":true,"showParticleSystems":true},"in2DMode":false,"pivot":{"x":-2.073249578475952,"y":3.5306496620178224,"z":10.816629409790039},"rotation":{"x":0.00779582466930151,"y":0.05396755784749985,"z":-0.00042131365626119077,"w":0.9985122084617615},"size":5.654896259307861,"orthographic":false}