{"cameraMode":{"drawMode":0,"name":"Shaded","section":"Shading Mode"},"sceneLighting":true,"audioPlay":false,"sceneViewState":{"showFog":true,"showMaterialUpdate":false,"showSkybox":true,"showFlares":true,"showImageEffects":true,"showParticleSystems":true},"in2DMode":false,"pivot":{"x":-0.131949320435524,"y":35.58540725708008,"z":-29.998170852661134},"rotation":{"x":-0.24787922203540803,"y":-0.038259174674749377,"z":-0.009799769148230553,"w":0.9679856300354004},"size":11.115031242370606,"orthographic":false}