{"cameraMode":{"drawMode":0,"name":"Shaded","section":"Shading Mode"},"sceneLighting":true,"audioPlay":false,"sceneViewState":{"showFog":true,"showMaterialUpdate":false,"showSkybox":true,"showFlares":true,"showImageEffects":true,"showParticleSystems":true},"in2DMode":false,"pivot":{"x":0.6903035044670105,"y":70.32765197753906,"z":-77.56721496582031},"rotation":{"x":-0.07312531024217606,"y":-0.000004394752522784984,"z":-0.000002220437863797997,"w":0.9973227977752686},"size":9.400044441223145,"orthographic":false}