{"cameraMode":{"drawMode":0,"name":"Shaded","section":"Shading Mode"},"sceneLighting":true,"audioPlay":false,"sceneViewState":{"showFog":true,"showMaterialUpdate":false,"showSkybox":true,"showFlares":true,"showImageEffects":true,"showParticleSystems":true},"in2DMode":false,"pivot":{"x":4.197131156921387,"y":35.113460540771487,"z":-5.38765811920166},"rotation":{"x":0.18601222336292268,"y":0.03054911643266678,"z":0.005786330439150333,"w":-0.9820554256439209},"size":6.259398937225342,"orthographic":false}