{"cameraMode":{"drawMode":0,"name":"Shaded","section":"Shading Mode"},"sceneLighting":true,"audioPlay":false,"sceneViewState":{"showFog":true,"showMaterialUpdate":false,"showSkybox":true,"showFlares":true,"showImageEffects":true,"showParticleSystems":true},"in2DMode":false,"pivot":{"x":-7.833700656890869,"y":47.2664794921875,"z":-30.718460083007814},"rotation":{"x":0.1821271777153015,"y":0.12606221437454225,"z":0.02355097606778145,"w":-0.9748761057853699},"size":29.340492248535158,"orthographic":false}