{"cameraMode":{"drawMode":0,"name":"Shaded","section":"Shading Mode"},"sceneLighting":true,"audioPlay":false,"sceneViewState":{"showFog":true,"showMaterialUpdate":false,"showSkybox":true,"showFlares":true,"showImageEffects":true,"showParticleSystems":true},"in2DMode":false,"pivot":{"x":-320.6288757324219,"y":256.36614990234377,"z":65.82897186279297},"rotation":{"x":0.01384990755468607,"y":-0.6919793486595154,"z":-0.01328042522072792,"w":-0.7216622233390808},"size":25.105653762817384,"orthographic":false}