{"cameraMode":{"drawMode":0,"name":"Shaded","section":"Shading Mode"},"sceneLighting":true,"audioPlay":false,"sceneViewState":{"showFog":true,"showMaterialUpdate":false,"showSkybox":true,"showFlares":true,"showImageEffects":true,"showParticleSystems":true},"in2DMode":false,"pivot":{"x":-350.080322265625,"y":202.75039672851563,"z":-49.86697006225586},"rotation":{"x":-0.0719132050871849,"y":-0.3478785753250122,"z":0.026773426681756974,"w":-0.9343940019607544},"size":20.077608108520509,"orthographic":false}