{"cameraMode":{"drawMode":0,"name":"Shaded","section":"Shading Mode"},"sceneLighting":true,"audioPlay":false,"sceneViewState":{"showFog":true,"showMaterialUpdate":false,"showSkybox":true,"showFlares":true,"showImageEffects":true,"showParticleSystems":true},"in2DMode":false,"pivot":{"x":4.0937652587890629,"y":6.6611127853393559,"z":15.824910163879395},"rotation":{"x":0.11120175570249558,"y":0.11510917544364929,"z":0.012968644499778748,"w":-0.9870237708091736},"size":10.0,"orthographic":false}