{"cameraMode":{"drawMode":0,"name":"Shaded","section":"Shading Mode"},"sceneLighting":true,"audioPlay":false,"sceneViewState":{"showFog":true,"showMaterialUpdate":false,"showSkybox":true,"showFlares":true,"showImageEffects":true,"showParticleSystems":true},"in2DMode":false,"pivot":{"x":3.8346900939941408,"y":123.65164184570313,"z":-154.2324676513672},"rotation":{"x":-0.05296095460653305,"y":0.2792872190475464,"z":0.015428234823048115,"w":0.9586217999458313},"size":8.402094841003418,"orthographic":false}