{"cameraMode":{"drawMode":0,"name":"Shaded","section":"Shading Mode"},"sceneLighting":true,"audioPlay":false,"sceneViewState":{"showFog":true,"showMaterialUpdate":false,"showSkybox":true,"showFlares":true,"showImageEffects":true,"showParticleSystems":true},"in2DMode":false,"pivot":{"x":19.830821990966798,"y":4.325676918029785,"z":-11.386152267456055},"rotation":{"x":-0.00891174841672182,"y":0.9846979975700378,"z":-0.16579827666282655,"w":-0.05292878299951553},"size":37.245216369628909,"orthographic":false}