{"cameraMode":{"drawMode":0,"name":"Shaded","section":"Shading Mode"},"sceneLighting":true,"audioPlay":false,"sceneViewState":{"showFog":true,"showMaterialUpdate":false,"showSkybox":true,"showFlares":true,"showImageEffects":true,"showParticleSystems":true},"in2DMode":false,"pivot":{"x":13.845122337341309,"y":14.805853843688965,"z":-5.179716110229492},"rotation":{"x":-0.013219133950769902,"y":0.9794826507568359,"z":0.1890755593776703,"w":0.06847984343767166},"size":18.148639678955079,"orthographic":false}