{"cameraMode":{"drawMode":0,"name":"Shaded","section":"Shading Mode"},"sceneLighting":true,"audioPlay":false,"sceneViewState":{"showFog":true,"showMaterialUpdate":false,"showSkybox":true,"showFlares":true,"showImageEffects":true,"showParticleSystems":true},"in2DMode":false,"pivot":{"x":-28.088027954101564,"y":8.448234558105469,"z":148.67144775390626},"rotation":{"x":-0.13117744028568269,"y":0.06102628633379936,"z":-0.008090699091553688,"w":-0.9894457459449768},"size":269.8248596191406,"orthographic":false}